id,predicted_price
6825100015,482892.0
1698900195,734737.8
2848700585,332509.97
2597690050,350980.88
8944600200,524079.3
3709600190,352831.03
4309710240,721125.4
104550520,259224.39
1211000070,825319.3
5248800440,254081.83
7633400110,247557.55
1535204165,527064.1
9528102060,537805.06
6822100305,628287.3
4365700330,261869.89
2663000345,1083268.6
3390600025,384024.38
1773101050,326558.5
9828702666,474538.0
6058600385,324677.62
7575610170,309645.6
7852150220,409074.56
1079350090,317798.3
9835800750,267388.03
5016003146,905438.94
1266200120,670082.7
1245500099,643411.8
6821100125,448804.34
1324059104,671161.0
267000130,529226.9
1437900020,372693.3
8073000495,465609.5
7856410430,1420992.9
3783100080,269091.22
3384300100,214151.27
7853300290,482743.72
952003585,827856.0
9406500310,237181.33
5739601300,595715.6
6117502220,1014478.75
4141000060,1222544.8
4030100005,1219746.4
3762900010,473400.28
8122100690,451808.75
9523103590,599489.06
625049274,597261.2
4415600030,386329.75
5469501850,393253.9
4331400190,297462.5
1498301213,409959.94
418000010,174462.27
946000295,468797.06
3621059043,560789.4
8682250090,753933.25
1117200170,859574.8
3738000070,1570522.9
9269750690,243726.72
393000311,323076.12
1250202324,725434.44
7236500025,326387.25
7149400450,266367.44
4019300195,796793.8
3329510200,261428.23
7340600827,219980.11
5200087,543176.06
641900050,407712.6
3083000365,403065.6
7849202231,309130.72
2051200436,795360.5
1939130420,642421.7
3629920630,658960.2
8029500360,328982.0
5560000540,212059.6
49500090,317438.2
7923000360,521008.06
3151600035,172514.75
2326059099,834270.2
225069017,744201.56
9477710160,384073.1
1895000260,221206.78
4318200405,878932.5
7764200030,396508.3
3787000120,544831.0
2490200615,368410.72
3761100276,685775.7
3123039063,303255.7
4233400280,311418.94
3361400190,195978.36
8835800480,701889.8
7420100040,603275.4
2324079073,694012.94
924069042,436896.03
3949600090,304246.4
3574770100,553368.1
2695600455,383803.25
8964800860,1493022.8
3223069019,284281.25
2472920680,453551.53
2538800030,242162.58
723000114,1516115.0
5652600605,558144.56
3438501100,404276.72
6154900070,585024.2
7548301056,378303.62
5605000440,942157.8
3931900580,1029342.7
2125049139,1146439.1
6635000110,711756.8
9238450430,306031.44
7768800270,874735.56
7996720050,563039.56
7504200120,502863.3
7893800250,440584.38
6654700240,340804.47
9828701507,700546.25
1079450410,472317.97
724069059,1873870.8
2724069117,411342.78
3860900003,1108159.4
1623800440,532226.75
7923700020,455098.34
2895800780,312673.88
5104200420,276743.3
2826049091,292791.9
5028600550,231160.88
7635801032,283183.47
3438501150,295778.0
3679400474,293478.2
5412400170,254390.47
3298700840,198362.23
5457801925,857601.44
9268850130,307844.5
2122059199,336531.5
1926049355,460644.28
7853220910,532855.0
2143700830,270225.34
3332500265,305865.97
5116000250,365917.97
3797000680,493006.84
1872900076,1094241.5
7760400480,261799.23
7973202712,187276.73
6815100370,819977.4
255460330,408893.2
3211100240,327467.6
1561910190,377295.16
3062600050,653433.2
8562770320,547889.06
3401700150,1236839.1
6893300295,413224.97
6072000440,670460.5
3818700190,433147.72
3522049063,691240.7
4094800260,1792324.8
1124000050,407816.44
7702080110,572329.0
8682320320,467764.56
3918400013,342540.56
203400090,816395.9
6752300120,280830.2
821049149,250908.66
5634500775,546115.94
8562600500,473610.28
9315100030,185310.56
9510920120,770225.44
5641300220,368098.16
926069192,829677.0
1423049019,135405.28
1140000050,222895.83
9290850810,879002.94
7137900320,218586.11
8860300220,575882.8
9478500570,326900.34
3066400080,717913.4
1074100020,319733.28
9521100866,478812.94
7809200005,306754.88
5468000180,274367.44
6690500070,705227.06
6052400575,240015.84
2825059256,831310.94
3224800075,220580.08
3211580210,363221.72
8165501620,332078.03
7272000980,263710.7
3524039204,960980.3
339500160,677704.7
9536600010,579596.94
8731981360,365033.7
6678900150,664636.0
4141800030,893031.7
9269200540,487758.75
1898600100,195883.25
7527410080,618442.8
6738700335,1324180.0
1025049254,570766.75
1124000005,507050.0
587550470,614973.4
1211000280,414431.03
7852030310,435194.84
7616200050,512891.0
1061400360,258168.97
461004095,520235.53
2622059062,630340.5
2767604551,428656.62
1725079047,444391.12
1773100121,254592.17
8653900070,773433.25
3832200070,249873.73
2425069069,605007.3
2144800146,281919.4
7340600735,356289.8
1000102,293082.7
5422950170,384642.03
7419700010,636028.7
8812401450,748394.3
2723069052,624430.9
2558730070,438409.03
8080400045,603211.0
3878900395,320763.12
3222059187,386173.22
4036801070,384835.34
7437100570,304044.53
7212651100,433651.12
4322200105,305327.7
1829300130,765966.7
2794700120,702035.7
2798600240,277873.34
1025039145,908072.06
510002506,454905.66
333100265,871180.7
1180002735,233393.75
4310701577,389362.75
6744701310,2176505.8
3277801411,400038.03
3416600185,592859.75
7147800015,246805.56
7214780050,620837.9
4010800110,349510.84
3275860270,732621.8
2525049263,2332910.8
123039336,192380.14
3558000170,308359.88
6154900130,315077.22
8864000440,172214.1
7856400410,1130569.9
1807900300,622880.3
2397101460,636592.44
8680500220,579531.7
3317500100,1249705.8
6071800100,748056.06
7813200115,170367.72
7625704005,539747.3
7750500275,314917.7
6061500130,933359.56
9201000610,833015.6
7732410120,770309.2
4038500330,512604.44
6021503885,445762.53
3584900160,571854.8
6412600005,378793.53
5332200375,894619.75
2310030510,301710.94
5255700160,492825.84
325059286,818464.06
5714200140,407952.6
9164100035,575530.4
1424059022,1106949.0
1999700045,315574.9
623049341,220709.08
6645900010,1279329.6
1794501390,1022483.1
5101404351,532605.0
5316100920,2471484.0
7551300060,498039.62
9476700035,442428.56
3581000340,343755.66
1015000050,731052.94
1950900245,201032.64
8687800065,277221.7
8682262330,413485.9
1954400510,506087.72
9407111220,272214.9
5490210510,440088.03
6430500182,1100516.5
8682310470,513517.97
1005000250,249026.56
7772800020,629085.94
1651500060,970533.0
3329510850,279598.53
1788700185,193042.52
9839301060,689535.4
7202310040,657705.2
1898700310,201971.39
8005100360,155155.3
6056111063,288722.5
5419800510,249767.94
1608000120,344198.5
7843500080,320499.56
1630700276,467669.53
2254502445,444209.34
2768000400,810417.4
7920100083,446335.53
9201300050,1758979.1
325059086,872780.6
8682261440,499415.12
3760500240,318186.22
7015200790,673273.3
8563040160,585054.3
4435000145,237348.75
1702901340,531950.25
2621600015,212158.11
8078430030,519876.94
8087800480,544481.5
9542800820,258918.55
4013800206,194483.28
4022902505,495046.84
7100000250,336631.03
3874010220,271876.84
6003500995,693807.75
255520180,624132.0
7511210310,761220.1
9275200080,230666.05
5035300871,768917.56
4031000250,191907.38
9550200650,467013.03
9282800075,291913.9
9353300600,289572.06
619000100,381519.84
6117502455,288469.53
2787700030,337313.9
9532000010,534716.6
4307340130,410880.12
3693900245,448470.16
6303401395,245997.42
507100005,369409.16
7968460110,307119.62
8722100810,872403.7
1003400250,203218.55
3832050890,285622.84
8024200683,383216.22
4310700665,606069.3
3226049565,676802.44
1561600095,973703.56
291310390,339610.53
8146100410,679104.75
3523069047,783276.75
5557320030,259691.06
4364700105,288963.5
726049217,388093.03
6777800150,267078.38
2954400520,1189718.6
4376800010,542466.9
2599700040,188696.25
7853301240,450057.16
5706000070,609800.1
6600000217,1994525.1
5561400220,595682.75
7569450480,284033.28
3904901520,402750.94
3204800040,405399.03
6021500320,638138.75
6802200280,266818.72
9276200850,485710.28
1568100220,330251.62
421049254,194122.14
2595300210,415205.22
254000545,362237.9
226039075,642088.44
1795920250,597158.75
2407900200,453737.12
2009003136,400794.9
1402600040,370259.9
9532000170,505582.66
7227501369,370973.8
6046401105,419468.22
3579000440,506218.0
2895600420,308234.03
8058500005,388372.6
9322800260,786991.4
3278600750,343386.38
1118001645,1452947.9
3579700100,409001.25
1498301672,481295.25
8835800450,875115.25
4331000265,287110.16
1560920370,480377.2
3523029077,323302.34
5631500868,590049.06
6371000079,668545.0
4154305575,684899.9
4136950140,261294.62
1330850130,774157.25
5027800190,419665.84
2129700320,241619.55
1624079024,762322.94
7199320570,486810.28
5469000140,379160.38
1454100010,249404.7
7880010150,803866.06
7955030010,331888.7
3904990260,505992.62
2322069168,609541.44
4232400110,904587.94
774100475,498417.34
1246700136,432660.16
8899210090,313335.94
6671900130,390549.1
8562770490,562483.0
1687000200,303596.28
1626069139,461750.47
3524039224,993821.44
9465200405,407300.62
3629700020,583327.75
7787920180,582034.7
4318200360,375333.84
8827901415,633961.9
6372000101,442800.88
3579700015,357148.1
522069119,501481.7
5634500415,401618.28
7385310040,604494.06
1623089025,445255.22
2572400100,432973.88
3295710150,255248.81
8562400025,716029.56
6979900080,663182.9
546000045,430018.84
4397010350,406833.62
5700004040,1398243.4
3343903611,655145.3
6003501535,674846.94
1559900140,351372.7
3904902430,683841.25
626100023,539181.9
3205100080,400131.47
326069101,582375.56
8946700100,378531.72
7696610270,219693.52
84000335,293826.88
1186000095,808799.8
6600780130,367723.06
5364200620,917064.7
7856700990,616642.44
3343301385,798019.7
2011400791,273731.0
7732410390,755484.94
3835500195,3150340.8
5469500640,575910.25
5634500392,549940.56
3022079094,669232.7
1776230180,467584.34
9297300055,841426.3
8155500110,622251.56
727500030,647564.0
1523069022,392007.75
3904100065,294392.6
6430500186,646814.06
7625703885,892527.56
1771000430,314470.22
9421500010,474153.06
3222069151,270641.3
1090000036,663140.56
3579000410,464129.25
3021059276,270168.38
984000450,287291.47
2968801085,321671.72
1863900225,220730.12
2769601250,524326.75
2413300980,295507.88
8563000770,492999.25
1149900050,785341.2
4038300010,414348.03
2025700130,257837.05
421000500,192224.28
3288200470,471648.22
7247000035,348471.1
2768200090,799400.6
5729000080,325004.1
1922059282,312225.1
2619600010,548864.44
1787600164,377148.72
5592900015,395295.62
1443550080,478052.84
5101408889,653964.94
1310700210,286589.3
3235390100,322384.53
9528104985,514097.12
7831800505,276867.1
1253200290,256227.55
3299610240,857609.7
8127700845,423294.7
2201500240,446694.47
5102400035,490939.6
6600220150,526843.44
2919700735,872901.44
3224900130,219648.67
1138010520,425069.75
4038600300,699066.7
1321970240,291559.44
7686202065,278667.9
624110020,682094.4
2126079014,505203.75
7304301005,310166.97
4048400185,218105.7
8929000230,514590.6
4302700559,326586.56
9550200265,555583.2
5151600040,293753.72
203100690,729888.9
8018600870,242830.48
3904960910,682145.75
3304030140,403069.44
6450300673,288166.28
3422049088,306335.7
1921059213,251698.81
2599001010,195613.5
4017050020,467825.2
6669070220,738605.25
8927600070,564606.4
2781230230,469835.88
9831200186,769078.2
3395040920,337582.62
2163900081,862320.44
2979800520,742797.56
797000330,315731.72
8570900162,271600.56
6705600020,1042764.25
2895800770,294391.47
9808610190,1095523.6
5205000250,320351.66
6181400920,274153.75
269000221,865428.8
6632900574,416913.38
2206500105,391921.4
9282801450,347518.3
2589300170,364271.4
9471201175,1601107.6
6600400260,209873.06
4358700100,414050.6
1921059303,283942.8
7555210100,819338.0
5015000596,994856.9
7203101590,341639.8
7983100150,185067.38
2597710450,372498.25
7853220390,839438.6
1426300842,434694.97
4246000180,515271.66
8129700565,598826.8
9526600260,715740.75
7986401275,691311.9
662440020,416821.9
475001295,678229.1
8663370060,412922.84
9542400075,815180.6
7787050180,590217.94
8682262400,443690.7
6403500570,501179.03
2770602493,501417.12
2310050110,345412.25
1837010010,514454.16
8944550100,516587.9
2810100040,455574.25
6084200060,392520.28
1624079088,607688.7
7203600530,480546.25
5423500240,196676.55
1254200835,583028.56
2331540070,325921.62
7202330270,456316.1
1959700225,714214.75
2600130020,807929.44
1005000240,273674.66
3211100730,312497.4
1245500286,506581.66
9275702405,1009083.94
6624300110,330057.34
5711200170,578716.0
6679000370,269745.9
9528102996,555321.0
8651443420,268901.4
3294700101,277760.22
3668000070,203976.2
6413600276,352176.16
7454000295,228495.0
2887701940,518989.75
7203600040,530824.7
6362900145,442237.1
1250201130,422947.66
7732410130,705350.25
1402950450,316015.2
3558900450,448009.38
8648100030,265130.38
2597531110,796707.2
3186600515,750015.5
3886902950,1040706.6
3024079057,367337.53
5608010980,960641.2
4443801495,594311.25
624069108,3351461.5
2158900140,747320.2
2481630030,1008208.56
8562970040,718550.4
3530200020,719407.44
3760500280,977169.75
540100057,1545616.9
3832050570,307667.8
7852150720,412447.78
7772000010,458317.03
8643000190,280844.16
8691450120,908915.94
6791400100,348685.5
2051200506,390594.53
7853320280,415969.34
2822079012,350049.56
9510910250,633114.2
1266200130,715437.8
1788800770,152169.7
5452301785,1723469.4
847100078,378769.7
2296700050,507423.94
3241600027,325251.56
3278603000,598960.44
3630180380,747922.7
6813600605,1253695.2
7852090680,546301.9
6820100010,547014.5
7701700040,268671.2
3374300030,446194.7
3303860130,453709.84
9465910190,644817.3
8859000045,496204.9
6388930390,679628.94
4427100030,377143.38
421000285,261888.88
629000605,1267935.1
7773800015,576468.56
8862000075,178728.16
9521100465,502924.25
8682211030,427132.88
486000565,961136.06
9500900060,233163.06
5437810320,300575.97
3347401315,264160.22
269001331,1071729.0
1560930070,634974.2
9808630260,876389.6
7299600130,326452.3
4019301500,417087.2
9276201190,550966.4
6861700156,1109061.2
1543000060,484856.88
8731981940,327269.03
1762600090,1041801.06
7202290140,455585.56
1154100205,243765.55
2726049150,470132.12
7967200060,236720.58
5602000275,249974.55
8956200760,475410.4
2626119062,267410.47
4178300080,727299.2
8084900160,2896584.0
255400060,840705.2
9492500010,907506.75
7221400320,213161.61
4136930190,414917.44
2597520720,799315.25
98000960,1153852.9
8099900490,475516.97
7663700401,446457.72
3362400511,489545.4
2525000220,325588.3
624110610,779644.4
1467400095,382121.03
6608500260,374162.7
3883800011,195926.77
8680300010,344229.03
2872100345,1188029.2
7660100336,313655.25
3179101945,727239.56
3352400905,243379.02
3438501862,343817.28
6372000280,477462.75
2558690130,465286.8
8635760480,580006.6
9392200030,261945.6
9301301145,556196.06
9264921110,289344.06
2325400040,354436.0
8118600080,420797.2
1753500100,300154.3
3260000120,498583.25
7752700110,449629.88
3751600784,343308.16
7579200765,466829.53
5631500866,565985.94
8650700090,1129691.6
4443801160,412473.34
2474400250,329385.38
4040200490,450540.7
9264921140,293472.3
3353400120,154176.94
6127000480,795988.0
7812801125,199743.1
3331500485,306583.5
4435000705,216770.9
6205500030,512118.25
1023089140,427012.7
5272200040,356380.53
8035350010,541566.9
9211500730,239576.52
5244801230,741984.8
4364200250,395318.25
2324039077,413616.88
9212900260,473742.2
1432900350,264334.38
2115720070,246436.55
2616700450,225330.19
3438503021,494881.6
3885803895,637000.56
98000740,1204578.6
6163901913,392090.75
6818400110,263912.94
8835200330,413569.9
5419801120,284251.4
8565900160,955820.7
3034200399,647808.0
1725059187,574285.2
7883601155,281429.44
1024000050,839204.06
9828701745,393367.16
9133600120,366591.75
6749700002,374997.56
1796370730,253720.31
1545801850,248005.31
6064800470,349846.3
3558000130,344501.28
7853301400,709788.3
5406500480,666389.06
603001045,269857.06
6073500160,454293.12
6814600355,710447.94
2768000270,494088.44
8122100235,360599.66
1138020200,383077.0
9828702812,545632.3
9274202885,530322.2
7445000115,681446.2
5088500210,411606.5
7212651950,332025.78
8084900195,1477811.5
5379804537,267533.94
7211402105,169352.84
9289900065,416132.06
868001790,780998.7
5078400210,804841.8
4309710100,784562.6
5416300230,791879.6
1139000215,388827.7
6137610620,571037.44
2206900065,357714.62
524069020,959449.2
5149300200,241964.73
2922703260,497019.47
3322049126,196971.62
6710100131,817857.8
3387800380,243538.75
7501000340,1009183.06
2460700260,281152.06
3885804225,646051.44
4046400440,594189.3
8732131090,296144.66
624110050,798272.44
8651730580,480516.94
5132000140,250643.17
7518504130,557987.0
9407001500,297552.2
3362400094,508011.78
1163400020,252769.25
8091411040,284445.8
2215800050,845171.6
4139430810,990432.3
293800900,789040.7
7714000250,408851.1
6117500955,438261.06
1250201175,400334.94
8651611110,792087.3
6620400025,244417.34
263000253,482772.72
3095000095,504603.8
2087700115,601558.2
9530100921,496358.25
7387500235,331138.16
9144100158,468881.12
3861400061,729597.25
2322069116,451828.16
203600140,578498.56
1545804460,278829.78
4047200265,243242.8
6600060120,480836.9
7568700525,303089.75
2767602356,717825.75
7604400150,384438.06
2616800050,583078.56
8665050060,452116.47
2115200160,470604.5
2391600555,439535.56
9122500080,313105.34
303000445,256439.27
6121000090,267277.88
8928100025,696804.94
7867500021,390767.4
1454100650,922902.7
1623049133,258411.6
2944000240,913446.75
1549500370,343799.28
8078400020,496465.25
9510970530,686518.4
2968801105,223473.08
2366800055,236705.22
8861500080,625972.1
3629890190,1007466.56
7853230570,423998.5
1697000400,200366.0
1865000040,368860.0
9478501020,304451.9
3294700310,178846.66
8079030350,471474.62
322059161,226674.27
425069104,660691.94
7853302110,457640.47
2781280310,289059.4
1423069129,451383.62
869700050,311399.0
1454600038,950445.06
6392003490,524578.3
5454000010,854002.25
1226039124,497787.47
8643200055,275608.12
7129300175,331956.44
6699930440,370606.8
3031200205,404422.88
3741600020,625221.6
2124069115,1389389.4
7278100690,486515.97
859000160,290001.8
5469700052,239606.0
7518500855,598442.0
2770601696,570858.2
1951800580,768663.94
8078350090,582422.75
8562790950,730220.94
431500155,610393.6
1839910470,461961.47
1324049015,2368713.2
5422560930,526823.9
3211000930,288484.94
2688100071,465825.84
3211100450,264494.75
7549802535,413301.78
2708450020,528060.75
2267000730,489216.84
567000380,333703.47
6788201440,917910.9
3355400242,288754.4
3333002450,266654.62
646910160,235451.19
9274200990,550619.6
1233100601,395912.1
9523104345,917735.8
2028700575,543267.75
9510971070,664707.0
3876000710,406163.34
4028900048,467197.47
3226049530,572236.7
88000591,218240.31
5425700205,1891089.0
1760650950,323182.12
2436700315,558831.6
272000620,303049.88
682000030,834844.8
3876313040,438267.75
8732190460,258122.66
9523100459,537723.56
808300180,465979.56
2354300456,201555.58
5112800060,393709.8
3039000050,544014.8
9362000040,3113641.2
6073240060,559615.6
8964800390,1088946.8
1825079086,693731.7
8946780080,833956.06
9468200109,1575931.4
2767601390,663832.8
7231501610,270403.2
4305600360,495594.84
7941130110,289225.4
2473400340,274759.94
2325039084,666763.44
7852030790,490150.84
2472950170,383975.7
3022800010,384482.84
5493110020,2003378.4
8965400210,832616.94
3275850190,717101.1
8075400100,280079.7
9542000275,649612.56
2791500280,256958.0
8562890560,368798.1
9274201809,539259.0
3821000100,262483.5
1954440080,513520.88
1737100830,644512.4
2523089110,685985.7
524069115,848090.4
4443801285,454810.25
8078390150,683911.0
2855000110,391419.38
3438500742,424586.4
3577000116,655361.6
7852150200,363972.06
1853080840,937959.44
1868902745,759843.5
3584900090,568105.25
8113100150,285196.34
7702600949,536550.0
1314300046,333192.75
7696300180,441515.2
1137300690,674229.44
8956200770,562926.25
3626500045,783499.4
1928300620,494317.47
9429500146,727485.8
7104100065,493320.06
2493200015,406326.47
423059207,310945.0
1402810150,304419.4
251300260,304826.1
3876311860,393173.62
2273600410,553451.0
2025700260,269648.94
7784400130,553898.25
7852040080,529864.2
9547202265,893680.06
3584800010,481811.88
3904940140,590794.0
2558160220,365877.84
1231000458,532086.7
4038300070,428955.16
8121200530,486011.88
2291400342,295664.3
2768100510,681555.3
5366200205,490017.62
8698100115,272701.56
6370000005,442089.88
3352401476,192577.84
2770602360,658510.4
1026069061,773274.0
8864000735,280626.47
6338000592,494882.6
9465910310,622278.25
117000001,593406.2
7000100850,663247.44
4379400260,662636.06
2895810200,277821.4
3876800710,323044.38
5647000060,355824.28
1282300105,317042.75
1959703070,775606.4
1180005050,324066.66
1788800630,123751.68
9211010320,530033.56
984200590,261833.2
7276100282,477423.66
1875500060,367962.3
2125410210,460235.94
1492800296,512711.97
114700150,218121.11
3438502066,361310.16
3303700221,630623.06
7940710100,504890.25
2725069156,888649.56
1370804446,536145.9
1930301015,747683.8
2896000680,636600.94
4217402162,1245413.2
1920079039,246599.7
5021900175,620296.94
2212200100,309479.4
9558020840,355512.2
3530430155,213899.38
1624059093,633401.6
252000300,248821.0
241900020,356373.38
2329500260,245606.66
4447300137,897253.06
240000031,293321.78
8100000110,267157.88
2524059267,1156993.2
1402900460,321387.16
3362401000,735658.3
2768200210,503248.53
6600220090,441495.38
259000240,500906.66
7853250090,582126.3
1703400470,354441.44
1622049140,271652.9
3904901190,573149.4
4139430250,1473884.5
2561340020,474691.4
6870300090,498301.88
323049176,372063.3
2473420100,308685.3
3959400335,466523.8
179001425,233694.42
8691390460,685904.5
7625702440,396311.75
1775800740,419052.78
2641800060,213619.9
1771110070,353348.9
6806300920,478922.1
8122100290,340605.3
9537200037,307328.25
5672000020,246071.81
2112700895,232048.56
3277801431,276450.78
2798000020,1414293.8
2652501630,647888.9
1438000360,505619.22
6145601599,265353.72
1761300310,248289.78
3790600080,380960.7
1925069099,752216.75
3226049478,497900.9
9477100620,358912.7
8679600150,589903.4
2436700666,533835.1
2273600250,507340.72
2922069134,403514.06
6632300212,392616.84
6379500216,433538.7
3374500290,316466.7
7624700050,472427.47
4137060270,317409.72
7130300690,333255.34
7234601544,638324.44
1423400160,191754.98
5561401220,554490.7
3888100176,567680.1
514500090,576139.94
3298700012,226786.7
3526039193,857219.56
2551500180,310725.34
4030500130,286358.72
4358700135,483030.16
7812800775,211422.72
7334400070,307365.2
6151800300,448076.44
8651611980,885326.0
1099900120,304014.1
98001000,1288016.5
5029450200,233089.25
9542840120,264595.9
8857320030,483893.28
9541800010,861990.7
6021502470,541452.2
1623300765,475968.4
6190701483,390372.6
9407110710,291225.72
424069264,729151.44
4389200876,1004453.25
4364200125,402149.84
7199340620,503573.1
3997500130,242774.64
4443800505,693635.75
6683000295,394830.7
1321710460,309735.1
2916200065,449153.28
2925079012,617585.25
6181410950,261296.14
7853321110,409897.4
5528600005,427086.84
1862400132,384052.6
5361700020,361016.7
7237450110,393907.75
4014400190,453607.34
2587910180,246690.0
8651611130,838374.5
3123800080,388357.0
3221059036,460736.12
626059276,551845.06
9828201920,490881.56
8820901792,923463.56
6608500290,419089.53
1623300160,485425.97
4139480200,1333605.1
9523100712,491630.22
7197350050,511892.16
7855600820,724411.94
1843100540,362100.1
5083000375,209396.05
2771604120,1301976.9
5694500497,472038.8
3826000560,222092.06
4389200796,1616527.1
1760650670,260436.84
9422400035,598032.94
8563050350,615065.5
7135520300,1333920.5
191100235,1012618.0
1725800280,477364.44
3332000195,184102.7
4331400090,256958.47
3145600045,614846.7
7853370100,678622.44
3278605590,427186.62
2781320100,274082.66
7851990120,1248381.4
1773100922,331408.88
7853340860,411790.22
4139400060,879945.6
1239400570,803023.25
1081200350,355798.47
4038700730,580096.3
2023059052,281862.97
7227801580,255239.31
1423089162,337713.03
7197300105,539262.1
6403510130,506985.72
2570300090,354651.4
5255710160,479298.12
2767602720,545891.44
662310620,365813.28
8946700140,356410.44
2459500310,283392.8
2767604253,438870.47
7812801115,203985.14
2141200030,623555.5
6905200215,911657.44
3388110230,239982.2
2806300065,1552954.1
8562770080,549017.75
9474700020,277663.28
8914100170,601823.3
7300700050,322198.56
293720140,412456.8
6392002635,609080.7
8691430330,1062013.4
829000160,382087.5
587550010,591249.44
2470200020,1717657.5
3296900280,415793.28
993000327,380121.62
952004725,324952.97
686800065,1097935.6
2121000300,453772.62
2024059052,1027417.5
8691370330,687754.3
3307700150,790690.4
6669100070,1105370.8
1024039001,822520.44
6664500090,857648.94
3629920030,445310.88
3630120480,644198.94
5469501530,597387.7
1525200060,607869.0
2423029009,521404.22
1788800610,124476.3
7334501410,330422.7
5137300130,311387.75
7694200380,364255.78
7502700060,410126.94
8155830060,304797.9
4046710050,406174.56
5700000275,659386.4
621069057,599537.7
1653500070,1362512.1
9578060230,520187.4
9528104345,443914.2
6679000960,344958.28
3574801790,375474.22
7549801140,229662.92
2946003580,224823.83
2624049115,369782.44
2426059076,585217.25
3126049052,571080.44
7896300150,295202.0
3361401210,180520.67
2144800615,229959.67
984100340,282033.16
2523039278,267234.56
5415350770,616876.5
6067910130,585408.75
9528102865,719127.6
226039282,494116.25
6649900301,545170.9
7524950710,535103.3
1241500351,755964.25
9269200340,459494.28
6206100130,838988.8
2422049104,162566.47
5153900150,203325.38
3826500020,271356.94
1023059511,543733.2
4060000440,189430.28
1954430190,537166.4
7853240040,726078.06
9158100090,506566.72
6140600049,370266.25
1720069075,573474.7
3738900105,313153.44
1972200698,474270.16
7763400035,255864.69
7504001440,595110.3
3423600060,661881.94
984200690,300392.0
2769602475,520307.44
6072800205,979769.4
2619950740,448173.44
8151600973,576701.7
8143100350,371771.75
2223059099,248686.95
7533800325,964259.44
2788400315,229121.27
2744600040,361967.88
6819100020,2091444.9
8133300050,227202.11
3295750550,290180.78
2919200440,673680.5
5127001320,305905.06
6119700030,717699.75
2767603608,442780.16
1995200200,431364.44
3977630130,202378.8
2222059099,233601.73
6837700170,463416.7
7010700292,474985.3
8945200860,197439.17
2270000070,306682.06
7203140270,475353.28
6204420180,391636.7
255450380,361244.34
5072400100,524831.06
2025069037,723169.44
524059241,1037047.94
3834500195,542850.8
327000050,1254272.9
3256400060,316975.3
7312900060,338841.88
8732040820,286736.1
3797310230,287719.75
3644100073,296282.5
820000012,434627.84
1624049087,500684.56
1370802600,1111806.1
3448700070,418691.22
3290800215,497146.03
2801910100,762586.1
4319200620,316313.44
1923000150,1114343.1
9268200600,346428.62
1005000062,281715.7
5210200410,787939.8
6117500025,561612.5
3279000460,219463.58
3905040780,579244.4
8562790080,825930.25
3723800414,601172.25
7504100110,724840.3
1924079090,538168.4
7199330010,486388.44
1788300010,185571.22
3505100297,571440.5
4137040250,297791.5
3262300818,1974236.5
1310900610,302669.75
3449900030,480546.25
3902100150,633682.06
9194102188,711946.9
8079040320,408729.1
984220370,317211.22
7956200220,177908.14
8121100600,471324.03
2223089048,373850.25
7227501170,233239.33
11501330,797812.75
7229900285,365203.66
9276200569,715330.75
1321039076,178555.08
11520640,751155.06
1025079086,284384.8
8685500020,389443.72
2011000020,255291.9
1560920040,484511.12
8731981410,302176.88
8857640860,397417.3
3629000080,209113.27
3210700380,892317.44
4307330120,334761.7
6843300090,640233.25
6672920150,364317.97
3630200430,675786.56
5015001680,513694.75
7148000315,254363.33
7806500290,559184.0
925059137,1020427.7
9828702339,601517.56
8604900017,539437.0
321100260,903242.25
2472920140,455980.25
7214700580,557080.94
726049232,366303.78
2881700231,376975.06
2461900175,400339.12
1773100541,378346.2
9307300100,518125.75
8127700390,1495064.5
9267200226,485299.12
524059148,1746751.1
8945100050,215688.06
179000100,165061.33
3342101785,533700.75
2026049067,432279.5
6700390150,248226.56
2726049071,332814.53
8691440330,1134957.0
1795920440,609233.44
1313300340,496842.25
5205000160,337197.8
8567450220,510352.78
6300500505,317870.16
2141300620,589171.9
7866000158,354327.88
7625700935,938205.5
7853250160,579737.94
3260000300,677998.2
2425049063,4299785.0
9560700055,696731.8
1233100366,516612.56
3625059152,2801063.0
191100435,1341512.6
3734900110,238977.75
7237301210,277965.06
2978800120,424568.62
3205100010,340421.5
3630180450,759752.2
9346920070,587044.56
9485920120,392147.22
7831800495,357192.06
3992700775,466598.12
3342700491,667599.5
7202350060,450943.06
5029450110,221821.31
6641020160,461794.06
9828701690,665379.94
1721801161,283073.8
9412900055,417184.22
5006000035,270425.12
3241600150,305253.75
2624039133,585687.94
2826049160,409802.4
3558900430,566001.56
6021501685,533410.75
1559900080,349832.66
3885808035,620032.56
9530101290,633477.1
5566100205,468486.9
4330600360,232706.31
1959701890,914669.8
7436300180,666771.7
9406570290,378744.03
3425079088,568450.5
522079027,373673.44
7504200250,590989.56
4141010050,1222908.6
8722101100,902447.5
7923300115,463639.03
9455200570,519146.62
2767700022,512643.53
2023700040,634879.06
3882320010,578911.94
2872900280,643092.8
2194100050,1105104.1
6151800080,355641.06
9406590010,396182.9
7300400670,290504.22
5569620410,734679.56
2843200070,246573.83
4337600280,321135.34
7454001405,289241.12
4151800420,468506.53
7922710450,741188.5
1223039173,465561.16
923049110,204891.16
1446404015,198988.64
2425049066,1927164.9
1931300035,617260.2
3324079089,984123.9
1509500080,370097.16
1982201255,410045.2
6071900070,589106.75
461003835,862493.94
7639900025,1224233.1
7697920060,284133.53
3629700030,570121.0
9558010230,336250.2
8127700720,1054507.8
3959400135,334540.22
7889100020,242956.72
6071300180,568472.7
2141320230,663120.3
1498300875,419329.0
3751600146,212638.78
1598600320,299228.56
567000672,361442.5
7889600285,314848.62
8682310460,436684.03
1853081250,766897.06
9520900210,511566.16
5101400838,565371.5
5605000590,1147269.2
2730000270,171709.98
1924069058,867785.06
3715500220,379046.84
797000258,355657.7
1338800365,1579737.0
1524039043,581433.9
3625059166,446706.0
9253900271,2266480.0
6134500070,559482.7
6421100342,684816.3
3352400330,250855.06
4315700390,370974.56
7418000020,300623.25
9297300750,482703.7
9178600560,493458.8
9828200187,411633.16
745530180,848516.75
6681500205,651412.94
161000120,664424.4
4027701182,334588.06
4025300360,370414.6
647100096,812763.4
5104520150,410763.38
1158700135,509324.94
3758900220,1451634.8
6613000930,2712512.8
2887701420,428966.97
3869900136,491578.66
2800031,247416.16
1561900180,381844.2
9320200050,1577203.5
6206100030,475026.56
191100250,779004.44
9266700845,382254.1
3625059109,923766.56
1725079025,491447.84
5727000010,303593.97
6815100085,800374.06
6192400400,754296.4
9195700380,461475.72
8929000270,478923.03
2412100025,372804.97
4046500160,535176.8
8651511250,550303.1
2296500136,767306.75
9268200658,368316.6
2770601677,544008.6
5467910140,361604.2
2968801366,309496.5
6123000225,245885.31
6300000368,254880.3
3223059303,533552.7
3731800055,398053.75
2422000067,265967.88
6706600090,446724.75
2966800010,325641.06
3523069060,322176.75
3876200070,427748.03
9500900430,230859.03
7199310290,482821.53
7853420110,611287.3
3904990570,528863.6
2754700170,516330.28
7123400045,207021.66
4083800555,486375.44
1820069019,347062.56
1389600080,272246.56
2023049218,147180.38
1246700251,959246.06
822069066,361728.7
7202330190,413271.06
2767705010,619324.0
1523069151,366896.38
7628700050,825898.75
8078520280,276043.75
952005000,604364.94
814000020,350057.56
1773100561,328259.6
7229800066,422484.88
1545802100,277633.62
4366700140,182045.48
263000164,370683.84
7683800212,199576.84
4365200895,363048.22
9408300310,613673.94
5152600090,292868.7
2856100250,672116.56
5637500250,342588.6
2787460720,231347.22
4003000285,591271.44
1685200020,226522.33
259700180,524866.6
9829200855,790716.8
4305600240,491234.62
9211010330,575872.4
3886902615,686317.4
421000555,219966.48
546000875,558857.25
5230000020,539428.8
1760650880,323078.28
5468780250,328018.62
3876312370,408656.2
2325039057,588599.06
2025700430,278583.4
7952800010,506081.44
7284900460,701648.8
2721600010,984680.7
4370700065,733781.94
7893203450,230917.39
2028701165,487871.3
8581200160,207715.98
2877103615,926036.9
16000200,231152.92
4178300040,845735.25
8944550050,552321.0
1822069109,405891.53
2804600155,1030692.25
2741100800,259999.81
2154900330,240128.92
7695470200,625091.06
7936500109,1867679.9
7207900080,509448.8
6791400800,249380.69
546000820,442194.47
1604601572,387640.25
9238440020,258172.16
910000104,268723.47
3622069095,640305.3
3295730050,598445.94
2212700180,279499.1
2144800311,269046.06
1432400060,188505.95
4137000700,280831.56
42000006,230596.77
1870400615,654472.8
2919700885,505101.16
3204930170,687574.56
2332700060,766479.6
3034200036,429303.0
7137960110,303302.56
2892600016,196033.3
7904700032,381662.12
5360200052,393020.66
1997200060,349247.3
4047200135,477891.47
8682291940,461693.66
5536100020,1013809.5
9284802045,370044.94
8123710070,576881.56
3013300409,416060.22
9357000650,437931.44
925059113,597106.3
2420069017,194093.25
6681500080,622246.8
9485930120,359091.1
7349650490,255981.83
323059167,280443.75
3522059196,313850.62
3586500770,656136.44
7935000595,1038075.0
2013800095,257598.39
3901100015,503462.2
9526500080,365964.72
847100021,559232.0
1568100076,364236.34
3755000090,346916.62
3905081800,561095.9
1925069121,853829.6
2540700110,2512013.5
5438000280,376268.2
6388910280,653628.3
8732130940,248534.27
8562501040,455922.84
3348401740,239589.55
8081020380,975737.56
1529300435,461249.62
225039049,561600.7
3410600335,313395.44
8691310980,745930.3
2887700805,501689.78
5415350480,633138.9
4139660430,1022642.06
2769600305,917402.4
8078430130,530131.1
2817100430,373200.16
8099600160,577452.44
4397010480,403664.16
2688100075,558868.9
8651400230,233029.89
7967000150,321261.8
7132300042,351811.28
8665900291,553625.7
339600190,422342.25
6790950150,734921.4
4067600255,220186.44
4232903265,669604.8
3303990410,1030089.94
7461420210,247613.97
1450900020,265950.12
4310702858,447306.22
8108600442,242556.42
2625059301,854561.94
6600220490,538844.2
7116500920,272507.62
9212900100,568713.44
3629921060,755984.44
2770606602,642493.4
2126049032,374420.06
4037500230,503779.66
2205500540,501945.8
179003055,222095.45
7625703007,294111.4
192600100,421883.75
8141310080,261057.25
3630200460,699628.25
6076500220,366734.03
2946002914,286693.44
9221400600,513000.1
7550801207,473421.5
4058800439,636989.6
9834201366,403609.47
1922059401,191771.1
2122049038,265423.6
3277800845,259224.14
3293700480,412541.03
6121800050,281715.4
2568300045,421096.25
3395070440,300366.78
3578401210,619440.3
522049074,363992.25
9530101535,680919.3
9558041130,327622.22
3325069129,592799.8
2493200455,323302.34
3278606200,434649.0
9547201155,512285.78
9558200210,219732.9
4441300240,1186661.2
2893000610,271499.84
3523029059,321432.53
2225069036,918317.1
9578060370,537586.6
2561360210,556113.3
3630240140,571116.3
3663500060,401865.0
7011201306,1137329.8
8682281200,514401.7
426059055,594832.3
1251200055,1131250.5
5592900230,322823.88
6699940120,381057.34
3585900495,1143083.2
4046700110,396244.84
2832100910,535853.0
2891000010,244372.81
3448002285,495265.94
1727500390,438957.5
3885802134,813051.75
7338200240,566086.4
2225300149,358516.88
3630180400,709101.6
523049195,189256.72
269000085,1296625.1
7923300285,595058.75
7010700210,645566.1
8857640420,350785.44
7889601300,259857.3
8651520420,572606.8
1442800400,270923.6
9577800005,828484.75
7942100180,227528.23
1665400025,278431.47
2329600040,200661.83
4218400005,1164538.5
2880100675,422043.06
1545808110,287346.0
3438501020,313500.03
1796380060,244296.62
1788700160,197933.11
1026069044,698584.8
2652500155,788396.06
9407102460,279170.38
5255200220,395399.28
7657000540,201567.3
3629870420,937584.75
7852020080,596485.4
5709200030,268527.75
6662400105,391114.88
6116500028,335602.1
1453600182,274588.34
526059259,337284.0
8911000030,366770.06
255520260,675822.0
1561750040,1313516.8
8827900015,622839.94
6979940100,752072.56
2783100050,349462.53
421000430,228666.98
1222069136,514999.03
3333002302,435612.53
9100000040,502789.0
3832600080,257547.28
9477000060,439040.0
4122500095,1076121.6
6855700115,364319.72
3918400017,389488.7
8645500370,251418.38
5502700005,343955.38
2159900020,401611.38
1782000160,354356.56
3831000010,238638.86
5145000190,323294.34
5104200380,245133.52
3204300225,608166.5
1623049241,306656.9
9808700650,960263.0
7754900280,329836.47
7972600450,337697.6
2548100140,320937.53
3760500116,1821016.8
1787600294,312138.78
522059130,271026.94
1725059209,699651.6
7979900430,607491.1
2607760890,498397.38
9290850330,834492.25
8682320900,551175.0
7517500610,707514.9
2174503500,558661.1
7849202585,191328.83
6414100111,320930.2
7708200180,489312.97
6979910120,655751.1
7846700310,258484.8
9363600457,681122.6
2408800130,528557.0
3037200045,444469.53
8073000550,1700472.0
3530420110,196847.14
8567450060,496757.44
1545800290,285312.5
3438502437,317955.38
9323600280,809046.75
8121200820,502119.1
7575500150,211928.6
98000980,1237180.0
4232900940,750518.44
3013300017,455436.16
5151600300,354757.97
6072500490,522558.1
2624049035,481173.12
2391601010,463313.72
3751603173,179128.66
2568200290,754875.7
1773100920,332573.06
5078400215,1543501.6
2473251180,230928.19
5151800015,374573.66
5379805910,304636.3
9828200762,435164.56
9268200440,431206.06
5557500270,230576.33
3296900160,456073.72
2212200500,280810.94
7977201865,552050.9
3083000048,447283.2
3023000200,374214.1
9557300080,554450.5
9809000010,1652939.4
7237500590,1303840.6
646910150,293225.84
711000070,781726.0
6802200670,246919.73
6119200085,379769.75
8078550320,251255.84
9286000150,1427662.1
824059277,1007329.2
6150200060,374171.97
5162100820,318856.3
9526600090,735229.75
3584000310,218717.05
3575200070,568322.0
9232900165,330453.56
9287801150,555937.8
3288200360,469445.78
3395040200,306338.6
2921049121,341009.3
7214400095,584677.25
952006680,469633.8
6204000040,495007.62
7849202296,319703.4
7222000393,237613.06
4083302485,703931.6
2813100100,577391.25
5592900285,489030.72
5127000420,307014.78
3449000010,291433.8
3101500010,357363.44
5101405340,480618.25
1565930130,416394.44
4363700365,377454.6
3276200280,257930.75
6600060140,466770.84
4168100130,212308.1
8562780530,332666.97
3124059023,1492505.9
1781500180,361227.47
3521069051,490532.44
1402650110,377770.06
4441300325,741173.0
8043700105,2346398.5
2621760350,310511.47
924069210,729681.5
2329600280,221353.03
9808590310,1414656.6
4046600820,412611.03
7334501300,336063.9
9222400605,757509.4
1588600040,368153.97
2115720500,247276.77
8731950080,343293.72
6204050040,493182.22
2024089011,415496.78
2414600126,318295.75
9169600043,575981.7
2887700560,651922.56
9406550100,298693.16
9839301165,632827.44
6802200110,230527.5
8861000095,977588.25
9187200345,663628.94
5708500270,518650.78
4379400580,682449.0
8835700330,791536.2
832700270,307519.1
1645000580,268990.38
1563103040,453251.88
282500010,671971.1
414100630,357429.22
9264960340,348327.56
2622029072,606649.94
6706200130,325813.8
8562800250,651414.2
7889600230,195310.19
3629960060,378213.8
7523700305,228232.58
3275780030,614250.06
3543900418,871575.4
1912100885,747330.2
4254000620,393848.0
7856700060,695592.56
2738650030,597421.3
8092501240,235595.17
3343902510,744623.25
4123810210,344434.94
4109600055,631845.1
9212900300,481679.6
1939050110,442364.06
3820350120,319479.7
3296000170,605440.25
1041500020,648279.56
1370800825,1144021.2
1245003255,557680.0
1245003660,594485.8
808300460,412590.2
6352600210,785744.94
8946410040,390682.06
7855801670,1743697.0
5379806155,206815.03
1545805460,254983.12
9324300030,263945.66
1118000465,1708590.1
8044700010,591337.44
3141600600,245739.52
2619950400,456609.9
7697860130,244288.69
272000355,352895.3
5589300205,346018.56
1888120080,833444.75
3126059023,2848931.0
8820902200,1176177.6
7237600130,645404.9
7852110690,610543.9
2771603050,824611.25
9269750220,258779.06
5379801920,624251.7
1703400910,557862.5
3448740430,407679.12
8562780430,332139.16
3488300110,452694.66
66000265,365141.3
5196410260,913486.8
3990200065,391575.84
1787600209,407533.0
5412310080,262085.52
4136950200,254457.94
3235100080,262782.03
1732800199,740912.1
7555200230,691997.1
5316100980,2219926.5
4188000240,763440.4
114101516,368810.75
2260000340,588159.75
8078050040,238804.12
1377300005,1350953.9
9510861140,692428.25
9485951510,445408.12
6141100320,376077.7
9578090050,807515.8
1125079111,1579666.2
7936000463,867980.44
3832300090,202501.0
3862710090,401221.28
3876311180,349313.9
2592210510,869883.06
2757000040,792150.9
6117501820,258729.92
203101065,430392.6
2402100055,695148.25
1610000016,198377.94
2710600080,552506.5
8860200010,300431.22
5015001045,1387853.0
8648100200,299582.34
203900610,408142.47
7010700660,782592.8
3674400035,182857.2
7550800015,550390.25
1357300240,355931.5
9407100300,307143.9
6813600365,590961.94
3223039149,473820.75
6738700225,950325.5
2768100040,524179.78
9345400350,689599.2
4022900837,352510.84
7853430660,702700.2
3299600040,780273.56
4151800375,485258.38
3904980270,521618.06
411100020,352188.94
9498200091,471758.4
1962200435,865522.94
3955900910,455522.16
8096600100,399474.56
7525950180,1219733.5
9126100850,595678.1
538000440,299119.88
4136870110,306425.7
9521101065,650099.7
2385200050,519276.88
6126601445,502708.0
6139800390,447729.2
7548300326,465246.88
3236500220,458860.2
5419800330,257709.2
1773100123,267631.38
8941100095,1152041.9
1158700100,576248.7
5470100220,226958.69
5209200010,455896.78
8886000021,509060.78
8113101670,389532.88
1523059201,497637.5
9178600135,680534.3
9103000360,859551.0
8651720020,528576.7
2481620310,1113688.8
2787250190,507508.16
3276180210,289769.88
1038000040,423815.75
8931100095,682262.9
4178300070,843737.3
7436400020,579170.9
3395800155,203481.72
9542600070,687741.2
7812800681,193993.69
259000100,470719.4
8682260870,433827.78
7519000335,890591.56
8820902350,793156.25
7227800065,231958.08
5101406384,573430.9
326049103,475287.53
6821102317,588225.3
3274800505,514045.16
8857310010,347744.06
9269260420,467947.9
7899800905,274268.56
4397650080,780405.4
2123049498,232728.06
9320990140,299856.44
6613000585,1720428.2
3343903640,317410.66
9414500480,462041.62
3447000100,679463.6
7100000035,278459.1
1504800097,421009.16
2815600305,713764.06
6632900452,603004.5
2501600150,262573.62
7893802670,403799.28
1561600025,822740.9
3751601877,586217.1
1311400350,239340.16
3528000040,1492503.2
8161000220,447131.38
1443500905,268031.66
7338000850,193409.94
2944500710,308382.25
4229400015,492538.72
6151800624,296393.28
1126059022,606306.4
1070000390,1282028.8
5153200150,376772.34
2571910160,294804.2
4022905172,528746.1
868001705,1026914.94
6072650290,651703.1
3824100364,475318.8
2549000020,486834.38
3142600130,606356.7
1568100060,324590.62
5297200089,411468.72
1732800780,2175264.5
5603700095,558708.5
7871500685,636891.8
4046601460,393321.38
8732900840,649767.5
1773100755,459923.97
3222049151,913451.06
6703700025,355079.84
8029500450,296828.03
8724300010,649034.2
1592000260,619237.8
7972601885,331443.38
1645000310,219603.86
1980200236,622050.44
7852160310,1002258.1
5643600351,302327.88
1994200375,584655.5
3797000035,442119.8
9378500050,320422.84
9830200230,385046.8
4310702775,306132.72
9358002305,380210.44
2025059131,1170744.4
3802000020,201987.75
9136102057,576717.1
2607730110,407642.62
2105200010,410695.22
8691330330,914682.0
2826049023,452782.25
312000135,454758.66
5635100050,386953.66
3332000530,397474.94
8615800500,943808.0
2624049103,322937.16
4442800162,443172.22
8944310330,411907.66
7548300731,535271.75
5602000025,223837.6
2619950350,455120.03
1115600130,420862.62
1245003268,1214998.0
4215250220,790771.8
9547202890,478060.1
291310150,335354.47
326049038,493432.47
7202360170,832682.1
715010140,1465176.0
5238800020,399037.78
9129100040,1167346.1
7694800070,428310.1
7292700005,551307.5
8732020310,272924.53
7689600215,197021.58
3574801500,598500.25
23500220,579824.1
1445500100,832707.44
5101408835,479804.4
7883605900,286039.66
9264900880,268354.94
3583400120,478634.0
7172200080,523853.97
2788400090,242651.52
7955040080,546592.2
7276100020,403791.62
1558500050,502063.1
7420200050,582235.1
6071000265,545555.3
3529300330,328609.47
9407000230,312890.72
2436701200,673134.6
984000130,301721.3
7977200995,535907.7
9839300875,625538.25
7211400850,227166.38
2225059273,1418517.6
1525079069,661670.56
7525000080,591704.7
2770601530,556544.1
9828201885,748781.94
3024059044,914641.8
1931300010,523699.1
3624039111,258549.14
5101408678,475175.62
3629920990,929070.1
3649100264,382264.28
7574910490,830790.25
1450100330,213283.02
7936500172,963634.25
8649900480,755178.1
8682310220,654623.3
6700390100,282898.12
223039229,677614.9
8944360080,494599.47
4107100204,2142431.0
8651440250,251663.52
7853280490,715420.75
1326059185,694196.3
2414600195,216608.88
5469500180,319744.84
8961970190,685605.7
9141100210,253671.69
3057000400,266004.16
1446801000,326066.5
7852180560,390273.56
7212660900,272807.44
3625600190,1291895.2
3709500060,429364.84
7987401010,699796.44
3424069066,428031.22
4027700795,327268.72
163000010,315184.5
8899000190,289308.2
3454000060,857504.94
4083301645,625695.8
2561360120,423121.1
5288200072,361193.0
8581200240,241437.11
9828701488,449146.9
2329810590,293204.28
782700120,364644.0
7312100010,404777.1
1338800280,1233946.6
1765100025,240126.2
1842390130,698846.7
239000155,447472.2
3756500610,356973.44
8937500040,264638.53
3760500730,922056.4
3905050280,535518.4
6666830390,732040.1
4140090420,499896.38
1193000450,853593.5
923000115,582990.75
1823049202,294531.03
7613700860,818119.1
7686204750,227928.47
4253400100,342645.47
795000865,185607.16
1727500230,408341.78
8802400415,199666.89
871001085,575175.9
6163901772,396891.2
1324300380,532366.9
1223039235,527814.06
1085623740,394671.47
7802900500,587928.06
7229210060,293012.84
6099400053,184526.48
7231300125,459254.62
5538300225,386176.2
7129304200,226264.33
7568700740,495955.1
1388600110,234678.89
3363900155,490649.38
9477200560,442032.97
8732750100,353350.28
3278602040,383501.06
8045000180,501809.38
4217401180,1035754.1
3260810150,317116.84
2723069129,574715.3
6620400631,268557.72
293600080,276341.38
4307330050,509058.34
2523089097,450818.8
2206700165,457086.1
1245001216,636517.75
8092000330,202519.14
2557000380,300247.66
2461900510,349242.94
2423059060,617814.4
9323610180,648615.94
2472920780,399773.72
1232002015,480719.53
8097000330,320633.12
1726600150,1011855.44
114101426,363230.38
9211010220,532066.94
1823049178,208695.69
8078520310,250451.8
1061500360,314054.56
8732800090,254715.3
2616700520,249728.17
2867300170,545033.7
8651720150,510733.56
3211230300,396199.16
2473370870,455600.3
4443800960,531164.5
1566100450,514391.38
7549801385,186013.84
5467200055,349160.0
9376301591,609832.75
2011400662,308159.38
8656300385,332838.94
9476200710,652959.75
269000070,747130.6
291310100,427196.03
7899800450,204250.25
3459600440,1026763.1
1387300940,389541.4
6738700005,371918.22
7866500035,295212.97
3832080610,287405.47
4239400300,147124.08
7936000403,521150.16
4386700135,2083531.6
8698100170,164675.5
2211700160,559085.94
8835220090,366926.47
2424400130,355156.06
4139480200,1332838.4
1473120230,459301.12
4172100050,577217.3
236400130,257784.9
2586800210,385549.5
7227801581,310021.75
8820901275,617944.0
475000605,825293.3
2264500350,546805.94
9542801990,249141.78
973600020,462067.22
2500600289,189781.44
2025069140,1728766.6
2742100009,387882.88
2131701075,358071.97
3333002440,318112.78
7215730070,719789.06
5100401060,648615.3
7613700660,837524.3
7853360300,575746.6
9294300515,748295.06
9542300530,810555.75
2413900050,710993.56
2239000016,300730.5
8691440440,896461.0
9277200111,633526.1
3832050130,277271.9
6303400475,217830.7
2525000510,301751.22
5347200220,244911.28
2725069050,938988.7
5450300010,666957.4
5550300205,272757.75
1025079074,481888.16
9276200635,575385.44
3630180470,753864.9
1623049214,303925.34
8078100140,329179.7
923059259,531984.25
3025059089,938579.56
8001210170,250975.88
1972200426,472809.66
2125049120,933501.1
3363400655,619390.7
2005300140,266406.28
7186800105,348461.12
1601600167,393709.44
4024101254,375386.47
1454100267,420881.47
1036000280,651752.8
7519001825,451605.8
114100791,343814.0
6749700006,353508.72
1121000357,885539.6
3918400028,371770.72
5015000190,682299.3
2722059185,444155.53
6601200020,280244.84
1099600620,211945.78
1231000510,360865.56
6139100101,374121.7
203100460,334504.8
1868901815,535105.9
3797000400,631769.8
2972300140,423857.0
3630220220,761150.5
3861470110,1856193.0
7203000200,250603.75
8901500178,636016.56
2560801222,251250.81
2597490300,651557.06
4058802255,209202.64
2877102180,504268.94
5451220150,1021452.94
1329000090,1397018.5
1336800240,1637130.5
9526600340,720750.0
4045900147,588400.4
7503000050,384956.8
4035900085,433991.66
9264900660,296012.5
6690500320,597668.6
1088801350,547415.9
1115400090,626189.5
1545805980,372605.56
221049191,312566.84
1797501275,890682.44
4337000285,257663.5
9808640320,918277.75
425200205,242432.25
3365900462,242332.38
9137101353,508035.97
6762700376,559533.44
7853370020,649151.2
1868901690,664278.0
7461420230,304806.6
5425700150,784106.4
7203120050,781251.3
2873000260,229805.75
6699930550,365003.1
6072800246,1844882.2
3046200125,156491.1
269000970,1779533.8
2624089040,240972.23
6453300306,394395.66
2288000090,1003527.4
9818700320,591675.9
2026079055,342904.34
98020480,913215.9
952006728,381229.62
2916610150,239995.47
3365900041,280765.16
3832500790,286101.3
8156600155,683708.2
1330300451,1186968.0
2770604104,537938.94
3124089049,476787.97
621069102,241050.61
1853080180,799871.2
7349600230,239858.62
4037700285,433030.84
291310170,414886.97
1890000169,524125.28
2421059090,508460.1
6838700060,298767.5
8648100130,317291.1
2205500335,513394.53
8651442440,217283.97
2926059146,813986.6
3383900048,569452.1
1446800181,228307.27
3667500015,1311420.2
3542300060,226569.0
7334500120,307180.25
3585300365,645284.25
2600000510,650808.1
1726059134,816526.7
2450000320,676443.6
324000370,598139.56
4310701600,357860.7
6690500060,472202.25
2359300030,500485.06
538000450,315329.12
3797000290,724190.8
6751100205,399253.66
5141000571,251514.3
723069089,644568.3
2025059201,912081.8
40000362,127325.41
7625703357,406759.9
9268850350,335340.38
4058800830,523116.06
1446401555,247745.77
1152700020,376157.7
725069102,575382.2
3278611450,467785.97
9808590210,1569802.5
3629970930,721962.2
1604601803,548787.94
1954420420,475030.62
3832060120,302466.6
7168100015,612647.06
4109600306,291114.62
9269750010,222270.69
6170900190,311848.38
8838900167,634860.9
1425059193,997486.56
1545801340,247933.69
2591780180,397484.0
5456000025,1258365.6
9238900060,457108.3
3323069045,272138.06
1081330210,475331.1
5710600620,540029.44
1257200020,526197.25
7525570020,679245.3
3905081070,520439.5
5466700450,265864.16
7212651440,303650.16
8899210610,330457.97
1453601038,309058.22
1422300140,465577.1
5466350160,255199.16
9141100005,585116.25
2909310060,274626.06
7518506716,1031019.6
8682291510,427099.88
8564700240,578414.2
3626039415,319597.0
8669160460,310770.1
9390700100,503002.38
3959400710,384741.06
7977200055,488294.47
9265200060,685903.9
7935000125,360187.9
1531000030,720115.2
2023049361,208486.0
2998300060,661567.7
8902000068,455581.66
3330500085,301993.94
1133000235,703109.75
8669160010,283019.28
9510970050,616497.75
2726059100,752632.1
1862400176,844268.56
2644900110,389210.53
8712100320,708761.5
8161000210,625496.56
4039700870,1079335.6
4449800345,555132.0
795000620,144104.64
2767704860,608724.7
6679000170,287309.03
1723099031,626754.1
9264921030,320169.0
7694800180,552717.25
3835502815,1397233.1
1592000640,612886.7
7883604095,302294.75
3905000340,668541.1
7558750190,581986.94
1566100130,370329.47
1438000190,508412.1
7853210180,410797.88
5101405276,358972.62
3901100030,1092666.9
7227502155,196559.17
2856101755,680302.7
9558040820,631268.06
3388300730,478363.88
1774230180,616492.5
9122001225,626974.06
5608000080,894321.2
1525069134,1144682.4
321079066,440713.38
461002551,338008.2
4475000120,389532.53
7273100026,659904.8
121059038,368936.38
2914700310,470042.9
3305100210,935941.75
5135000050,988111.4
6837700175,987720.4
5332200405,1011690.44
3303850390,2098861.8
3396820010,601582.9
274000070,323993.44
7135520610,1075924.6
2600140500,808998.9
7334501440,283560.97
420069021,397085.06
643000110,257100.9
7138200150,291103.25
4309700130,857310.4
8651480550,665184.5
3591000030,723488.06
3041700570,503372.88
40001065,203379.69
4219400465,1156428.5
8665900295,363620.62
5518800010,464076.56
5452800735,806763.0
423059409,370190.3
1454100440,553711.25
3701000060,658408.0
844000425,215129.1
1336800160,1183704.5
2215900800,316796.75
2946003415,200537.86
8564950300,483931.12
7618700112,593130.7
7853280350,730926.06
1724079013,626974.06
8645501330,263604.56
5466750140,262690.3
8089510170,1140072.9
1021000060,539579.5
3845100670,479738.53
4027700799,351450.47
7418700040,294575.97
6071300030,427866.7
1328340380,253001.97
5710610800,603868.4
9528100963,594372.4
1604601225,464792.75
2193320450,592988.7
9578200030,320951.3
3438503214,398874.6
3332000615,344677.78
3876313260,436234.1
1138000450,379068.88
5499700045,664684.8
4019500030,486344.34
3720800115,1112981.5
7229800175,411287.47
9212900820,499594.7
326069104,955141.0
3622059088,384201.34
3365901435,209455.14
5379800040,313101.47
6070500055,615049.0
9264910300,354618.6
510002065,706957.75
2822059262,245652.6
5113400364,644565.9
5540000010,235544.83
5430300106,566990.8
6332940020,433710.72
2329800240,280153.44
2716600273,820424.75
7979900210,342386.1
207700050,544068.8
7414200010,330261.06
7853220670,550513.1
6802210090,244289.62
3102700160,415322.84
7202330470,493438.6
7202340820,591352.6
8091670190,343973.72
5126210280,604777.75
824069193,569388.06
9183702251,208826.89
3463400330,481799.9
8651611230,779017.8
3336000052,300154.88
2856101479,342868.06
8073000585,726560.9
243000045,309531.03
5589900400,358411.25
1934800180,529350.56
6300500275,369459.2
411100005,259030.16
7399300120,278292.06
2787700150,404830.75
4449800681,648297.44
2287000280,714350.4
1761100190,227714.05
7853220610,507587.5
1931300870,513947.16
1322059002,453310.22
2770601457,660667.94
923000095,506776.84
6824100029,466068.47
4027701294,437618.72
2867300190,507370.75
3750605620,243662.34
723099044,466761.9
8649401000,236883.17
621069074,325537.03
4306500070,370948.34
9406521150,302694.88
2919701105,472807.4
5667100025,375640.75
2241700075,302740.47
7504001340,579591.94
8651100110,1110334.2
4040800120,436273.2
7327902612,247663.08
9323600060,1012187.44
6918720080,647581.25
8946390150,316309.47
11510310,735803.6
7147600225,299263.7
6300500183,378229.66
7574910450,832735.3
522049122,269281.97
3876100940,567139.5
3223039089,361691.44
7697870530,244361.17
5056500260,509034.1
5416100190,369776.1
5437820020,231961.61
3421069044,406915.16
9269200831,344019.66
9521100280,489878.88
1826049362,477949.8
5200100115,560622.5
9214400396,468754.12
291310340,514796.75
5126950340,257531.56
8860500300,330759.72
3379200100,390131.78
2895200150,227520.42
3211101010,271277.25
7577700061,606448.6
9521100585,564380.8
3629970090,672219.2
1612500155,249390.22
7606200090,303628.4
9211010900,532922.06
5406500170,658129.3
2730000070,185578.12
5014600210,622717.56
8677900123,455288.03
1604601375,422660.2
8682291840,410929.53
1828000050,536265.5
2652501215,820728.44
6626100260,742664.4
7011200830,680038.0
7885100005,410916.22
126059310,723153.5
4278900055,684617.8
1245000461,1045960.3
1785400300,485224.16
3797300110,357324.22
5317100780,1482456.9
3298700302,206092.84
7302900090,647761.6
7883603648,495214.0
3856904560,650504.7
9477000190,421812.5
425000065,235363.62
1025049115,523456.44
6131600255,223363.97
421079105,333813.28
7242800040,559938.0
1223039242,327604.4
322069153,518334.34
7298030210,420665.22
7785350010,752226.8
9521100031,663856.2
4399210110,253732.16
2095500040,315485.53
8078350280,620071.56
3025049052,835113.94
5244801255,870745.4
9412200330,386420.4
3020079078,517970.16
421000215,172427.1
7234601142,623061.56
5729000070,491731.94
1326069151,410486.9
3241600015,286987.53
7159200005,2577754.5
6728700075,498617.5
2011400401,406673.4
4038100110,519432.4
825059178,3435054.5
2464400500,565812.2
8161020060,501148.9
6979900360,703201.6
5700003810,1215593.6
520700125,391117.5
2781250560,217859.56
6824100014,435533.22
1923000030,1362863.1
3300700470,345298.6
4326000220,344709.0
8029520250,494863.22
1556200005,804563.25
3629970130,718679.2
3348401584,218857.25
5249801785,466132.9
2112700185,547325.56
2141330700,643289.75
5556300098,1258874.6
7466900320,229969.11
2767603165,662739.75
1788900230,125991.164
7010700936,822573.9
3505100756,1784189.8
8835800350,1522496.1
6021500970,451537.34
8651441620,214077.75
7202330610,511405.7
2579500181,1332613.4
3343901340,307664.03
2896600020,405000.28
8121100255,404381.2
1189000645,642936.44
6300000212,256758.58
6163900411,274913.28
2742100152,494545.72
8024200681,381826.34
5634500182,396390.75
726049131,380053.1
3204800430,365372.25
1454100122,485858.03
4113800500,567318.6
2790400380,633142.56
4167300350,239447.0
925049278,630169.2
3886901795,723267.4
5141000720,407867.78
7695470120,567860.44
7751800080,448337.16
1891100090,457762.3
795002375,196867.56
643500060,537350.9
7857000732,350868.72
5249801720,380368.56
438000025,613874.1
629420080,721086.2
240000058,427745.16
3279000420,225880.12
7851990240,863613.44
2871000300,762593.4
3623500408,2291926.2
6749700117,371808.28
1329500120,324832.75
8887001140,636990.8
2592400470,450367.56
3630030500,500715.16
342000570,499426.1
2591720360,465771.22
9136101335,578635.4
2826049282,518981.28
9551201155,936805.3
722079015,450890.6
3629910210,670984.3
3904910050,495170.1
3459100300,395061.6
9222400605,683923.4
9290800050,636069.94
2214800270,300123.66
9542830600,279523.62
3299600120,730720.44
3232200095,603283.5
11900140,304611.06
8914100080,497250.84
8123450300,568273.75
9407110710,271120.78
1775920210,338290.06
1085623560,434212.75
4337600205,189065.16
1021049022,258698.1
1704900135,323584.28
7129800036,204038.25
6431000748,378481.2
1523049188,192578.05
5515600075,263080.9
8141310040,261263.73
23520380,494969.44
139000185,731363.25
1777600900,782808.5
8564500020,327409.8
3223039010,324802.72
2923039264,756765.6
3541600405,544787.9
2473101140,275448.62
9578080130,642725.0
7205400180,199441.2
2193300620,532771.7
7996700220,396596.44
3629700120,559698.3
6137610190,588931.44
5300200050,293472.3
7504101040,862605.9
624069003,740161.44
8670000060,483079.4
8125200273,228726.97
2468800040,340105.75
1217000481,390786.06
1775700011,372597.4
5541300135,742340.9
7018000560,635751.56
8731801190,275933.97
3630240020,527721.5
7771300155,321584.3
1623089165,1067660.6
9818700215,547523.94
8731730710,211863.11
5652600069,501914.2
1137800460,470731.1
5253300387,260737.3
369000690,462269.94
5101405338,491308.2
8651720470,449678.72
2517000150,283500.66
1472700200,551231.75
6150700005,476688.88
3204400040,260267.78
4078300050,744513.8
2923500550,555554.56
5525400420,564892.4
3589500260,675537.25
2915200210,330388.97
5364200477,607997.75
7853300280,504177.16
1545802850,292306.16
6117501176,542697.1
1300300730,625945.3
2770601782,515054.06
109200140,297027.12
1862400292,380994.12
1446401460,179023.95
5459500165,700860.3
3325069060,548216.75
1623049145,200078.81
2767604724,505569.1
3438501329,317157.38
7399000360,322539.5
7625702400,321954.38
8631600025,432525.66
2895730070,936515.0
5705500075,403824.34
8732190070,267402.8
7796450340,343339.22
5116000170,349805.6
3856905010,626986.0
9359300220,639767.0
2423039122,334078.9
2426059103,755109.7
6147650430,346049.22
5151600285,289284.72
269001360,697266.3
2594200566,464526.0
2636900126,336065.22
7856620910,704541.5
3825500080,504030.0
3375300360,237435.03
6381500065,435537.38
1545803390,269083.78
4123840210,337112.94
723049448,269450.22
7128300500,483038.9
6453300055,186167.89
2225069062,623902.9
5637200450,581477.1
1274500060,206821.75
4307300930,349291.25
7017200120,283059.78
2329800430,265776.72
148000440,383017.47
1025069210,753928.9
7298040310,541903.25
7598100735,1075153.4
5422810010,377264.56
824059305,1912193.1
6838800140,1336523.4
2313900610,492580.53
6899990200,751205.9
7986400180,643650.56
3352401037,265358.3
2524049318,1728249.1
723049156,232620.02
2651100050,347108.6
625049281,459409.3
3391900130,246047.89
7905370440,423374.66
6197800101,223225.34
662310400,448517.66
9264960480,353013.47
8856890020,299557.22
4235400186,406642.4
5451300117,2048566.9
2122700120,343036.5
9527310180,498912.88
9368700031,168884.31
8568700015,385756.9
8129700644,758957.8
567000408,405029.6
5379802871,213256.77
3025300095,2383333.0
8091670030,358672.5
3343901401,530440.6
4046500320,371493.56
9578060540,501977.34
2211700290,625499.5
1521069070,221995.48
4136950070,259618.02
9264901040,255924.98
8651510610,483415.4
2804600010,858590.0
2372800050,237533.78
2324039152,549159.75
259801030,491024.8
2125059112,969707.75
126049167,400632.84
9265700005,394583.78
3211000190,307259.38
6638900405,349574.2
8682280490,415723.88
1796350690,239340.38
5072410070,506109.4
8087800400,481481.12
2917200645,418543.56
5335700030,189381.5
889000024,660025.7
7589200153,598448.3
2115720270,259920.48
924059233,639738.9
2909310100,301682.16
8924100111,625385.56
4376700430,597671.5
1822300040,362152.25
1118002090,1511505.5
6345000160,1110006.1
2413300240,285641.9
2141330050,796331.94
6338000032,607372.4
5561400260,710710.9
9406520290,274714.88
1241500147,599931.1
952006827,425465.2
1431700210,244588.95
6413100242,450736.72
3876313100,409877.06
4139490190,1335757.5
7237450030,413313.25
2639400020,652412.0
2485000202,872077.6
1453600202,680586.9
1522700060,513306.4
3832150190,251627.98
2473480210,309686.06
5438000080,245017.83
3630130130,594216.56
3995700220,362875.5
1402620120,395254.16
7203220360,948604.94
6820100035,606092.5
7234601541,638597.2
3192000080,217744.5
2408600160,266087.62
5416510140,365910.66
7277100610,325708.78
7129302185,251707.94
9279700150,1949199.4
2202500255,516979.22
3793500510,407501.5
255450340,386879.47
1568100387,392776.75
9106000050,605242.25
8651411260,178107.11
6137500320,955588.4
1951600150,225876.03
5041300100,606682.3
1592000780,666308.25
8078050120,236049.69
993001332,391855.62
4139440730,832506.56
1778500595,853725.4
123039626,281242.94
203100440,1156234.4
3578401760,416245.12
3761100045,2773218.0
3905100520,499529.4
9268850040,455444.84
1770000130,398798.12
2724200705,182096.19
3052700460,472565.8
9558021000,346407.84
4037200530,504598.03
1472800220,457193.84
8682282070,739025.2
2009000830,438701.0
6169901185,1491162.9
9551200270,1009518.0
1189001180,523963.38
2487200875,434886.6
8155760040,263448.22
7508200080,420768.3
3343903647,427562.4
2024059130,963022.5
8948500025,377086.16
9275700016,1255864.8
1221000562,268260.28
1094000030,346846.8
114100155,351955.25
1332700010,301322.75
9262800057,211266.31
7173700591,669061.56
2008000130,426385.22
1112700060,367218.1
629811600,679903.1
9315300230,241641.66
7852180260,432842.97
1450100070,195380.45
822079033,310844.2
2022069200,473492.38
3592500565,822200.44
3824100211,428364.8
623049185,236548.84
1773100510,393499.62
8856970570,320553.06
9512500720,525902.25
1823069059,228075.69
3224079105,527022.9
820079043,399219.75
1245003375,580012.75
7283900521,384516.9
2767603577,473152.03
8838900032,763281.7
686530020,549818.94
5700000600,705487.5
7283900306,468005.03
8944360290,529478.25
1702900664,437519.4
7985400089,325008.5
3336001911,273602.12
1235700052,1120192.8
2102700025,1602528.1
1795920310,686770.56
8944750850,317230.28
1868901120,564385.1
7977201240,1145406.4
8562900590,772912.7
1842900030,232303.2
1777600210,689699.8
8945100320,199505.5
6163901033,235194.45
9542830210,292623.28
9158100116,276022.94
6791900260,759150.3
4037500335,531905.06
3319500299,302039.12
871000515,505318.94
5680000455,618528.94
1125069086,904184.25
8562700300,422438.5
8562700090,467157.8
2481630290,958819.8
3625049088,2102239.2
1524800005,336397.06
2592400400,347938.44
7818900060,501686.9
920069053,215365.17
6705120540,467932.28
7856601110,761984.9
3955500100,509870.72
1389600040,274388.88
9477001270,390077.8
2877102495,475270.78
546000245,505268.8
1123059116,521107.97
7558800240,463038.12
5248800250,397520.38
2110900050,528283.94
4051100390,238256.36
6672500040,376158.06
5556300109,830893.3
1725059127,2144370.8
1471630160,324959.5
7579200915,1145238.2
1797500230,830378.44
2394600157,486132.9
3332000061,434442.22
952003340,302744.22
8682281960,789103.2
943100262,285792.88
9527000180,525147.0
3395800455,191779.86
3275740030,412226.38
6099400293,203304.81
1972201550,532198.4
3356402705,262723.16
3981200660,401827.47
3294700030,307208.97
525069099,718481.8
7663700973,321602.1
7308600040,710554.3
9526500090,422345.88
623049273,288902.3
9273200140,1390464.4
301400850,243894.6
7942601435,1044214.2
5151600120,330433.38
126049100,393082.53
8079010190,448861.7
1745000090,206461.31
3329500730,220252.17
9536601852,294460.53
3626039229,374026.78
6716700325,470058.2
7856410030,937937.0
2719100042,519759.44
524069049,531626.2
2781280150,212167.2
9839300285,670220.75
627300195,751671.06
9238440130,307943.16
9828702055,396878.75
2648500030,161906.12
7277100640,732551.3
4136890260,318585.78
1560870470,379028.75
3260350090,631722.2
3288301010,527685.25
8732130730,253660.81
2130700860,348502.03
2525310220,288030.8
4302200535,202522.44
3300790670,254401.64
8856890200,327231.25
323079065,685301.7
2568300132,501639.06
1330290160,341340.84
3501600215,415149.78
8946400210,504698.12
7853320250,445523.25
2525500260,313366.12
8151600142,309913.28
1868900775,586472.7
3275870080,781863.2
1972200556,589749.25
6300000337,428381.94
9268851320,424185.75
7818700480,278809.6
4427100105,411831.5
7606200275,242894.39
5631501323,327002.3
7857001560,296856.9
6798100070,384194.38
1994200031,470210.62
5307100280,605060.44
1274500300,208011.55
2500600297,263295.28
9286100320,466186.25
7856610490,673508.3
2597800010,537825.6
1925069082,1916741.1
1775801090,480725.94
2916200091,581510.94
567000775,396314.0
1423200110,185771.48
6790600790,336903.06
5727500301,349919.72
9508500075,517194.7
8924100372,1200498.1
9137101696,585348.44
8820901415,339785.75
7957600075,259388.83
1150700130,257922.14
7299601790,271896.25
7805600070,266965.03
7694800270,601330.0
7202350010,432252.25
546001060,733278.25
7137800310,300130.28
9274201730,614155.2
3654800040,290751.47
9297300740,526543.1
3630110220,715536.06
7748000025,563708.4
7954300620,585790.2
3449000300,324501.16
1226039129,442998.16
629000730,730343.56
7899800863,379959.62
5561000330,522736.06
2253200010,398490.2
9407001320,286321.56
3544400236,520070.78
6021500245,508651.22
3904960700,569621.56
2287000030,683441.56
3541600235,391326.47
5315100806,1099079.6
4038200480,428306.4
715010130,1460310.2
1442700430,481848.66
3223059015,362006.53
3192000085,202751.83
6141100255,413762.0
301401610,331789.34
8669180390,324159.38
8857600540,261484.83
7322910030,952476.7
5547700190,668310.4
1657530450,302181.78
9578140360,328771.8
2822059350,336018.75
5198600005,208366.95
7950700120,282369.28
4299000030,361788.03
3342700405,483404.8
2895730280,1043469.44
9268850940,585284.25
259800410,490571.25
9406550050,275789.03
3735901600,565650.3
1755700090,394443.78
1042700080,772309.25
5381000411,271543.62
6430500010,633034.5
7387500235,351999.22
6790200180,658517.3
9407150310,310298.34
1070000180,1298612.6
104550540,245311.25
1934800087,463670.44
2944500340,297938.34
7856700920,623055.0
5015000346,1334289.5
418000145,163898.23
8562891240,292310.3
2222900082,380339.9
4303200184,218375.84
8138870530,435316.44
8827901450,843521.7
3793400360,369471.56
5676000004,400180.34
1568100300,474161.2
7960100030,627989.0
2781250610,222170.66
3022039071,541777.1
6204430250,503695.12
6192410760,729865.9
1438000120,510639.1
1222029064,442824.12
2212901130,199909.64
9826701201,497838.25
5351200280,834920.5
7568700175,306900.9
3574750020,584892.56
9113200180,809151.6
3298700671,213611.34
9828702667,465084.53
1772600510,644773.06
223039254,265862.4
4006000509,313229.9
9238500040,497923.7
8085400401,1833090.0
6855700080,316168.94
3336000296,248885.55
7820000015,368162.03
6844702630,452669.12
2781200010,457601.22
2770604615,831104.9
2767601805,544360.94
2621069017,372898.47
3438503140,294960.8
6380500151,407519.0
3574801510,409867.28
7135520650,1025219.1
4137010590,391516.06
1924059278,881555.8
1604600095,373577.25
522059158,244365.58
7732410220,742228.25
1322049335,288161.88
290000095,548817.8
9522400350,521670.3
4022902715,550551.4
5028602020,260980.6
5476200160,217916.3
1775920340,422204.53
1982201345,444905.9
37000435,298831.03
8129700985,643143.1
1036400110,585217.25
3291800670,502885.4
2938100005,216862.89
3955900150,412405.7
53500450,336623.34
2473410690,312303.44
7202290180,418681.22
1310980070,288288.56
7663700610,448062.78
8816400885,522892.16
5104530560,351516.84
1776230060,386802.72
5332200515,1092110.6
2872100385,542930.06
7812801925,258730.42
8001600130,291864.94
2896000710,591203.8
6065300570,943940.4
7812800310,196509.31
2891400380,426149.06
1703900005,385193.7
2927600155,332503.62
8594400060,270936.25
1402200440,434942.56
4321200600,607894.5
1441000350,419627.03
2123049420,280287.1
123039642,392554.34
7922900460,644672.25
6003000851,339026.44
3356402020,194458.98
8857600220,216376.39
3579800485,377145.12
9238480020,619917.9
8096800270,274610.34
7852020720,491464.72
6746700615,626620.75
7831800110,307548.72
2526069095,980814.6
7305300500,278723.7
4036800805,421662.5
2421039075,225029.77
9206700190,799552.44
7525410120,636675.6
7857000861,323376.03
6450300605,360760.66
7200001254,512997.62
1854750030,1011109.75
1626069220,667677.2
5535600110,543645.06
8562790940,621634.7
3298700305,209855.83
9512501450,435705.22
2953000090,234005.77
6661200320,207437.66
5104470070,512346.84
2658000115,213033.39
5416500090,274025.12
3586500630,711754.0
3814900380,364298.53
6072100790,664204.5
1972202505,520653.4
3303900090,767187.5
6817850050,932984.0
4468400214,300459.28
7515000035,451480.06
2329800630,260285.64
7560000050,694731.4
8567450140,530502.9
6917700305,488340.97
185000118,286362.25
8155850010,848133.3
2923049468,259292.14
3288100290,689760.94
7549802600,290452.12
518000040,492825.84
7972601995,242138.8
6169901130,1173664.2
6699300330,350140.06
8665000040,490121.88
6163900333,333761.38
7796100050,768526.06
2781230020,436906.88
3630030290,587827.75
4036800170,484342.47
7518502030,505747.5
9136103130,557838.06
6384300020,479081.1
3574900170,555784.06
1277000020,852843.3
9578500180,407539.2
7574910860,722927.44
222029026,413448.84
1651500040,2168218.8
3421069053,631241.0
2608300035,308176.12
6632900084,320356.56
6918700370,609667.0
2215900930,296779.94
510003230,570386.44
9264950940,323129.72
7227500865,208665.83
2771602174,543195.75
7300000550,309827.56
98030140,797127.44
8835220210,389710.1
9191200380,606092.5
3583300135,450793.8
3530420020,176920.55
9477201060,408508.53
114101161,458818.66
1473060030,626874.25
7199350340,400451.4
6661200080,236083.44
3869900139,489939.62
4320200020,719218.8
7849200635,195780.14
7231600098,163319.52
7518506717,1025206.4
2473250850,289132.22
3585300415,581163.9
1221000490,332084.7
1775800280,499326.56
8122100130,368340.8
2473002850,465924.47
2112701165,312043.8
2624089181,372777.9
1721801280,212530.94
6817750440,313579.88
2473100090,265728.53
2781230080,475307.06
7203100550,605787.94
5101402312,503508.28
3530490070,242661.72
3222079120,249561.98
2826079101,514071.66
7214820610,453015.97
123039424,298341.56
4046500270,524522.3
3226079091,734691.44
9407001330,361269.12
3275310220,225756.1
2212200100,290490.38
7525530590,755831.6
2592220040,766685.06
100300530,305914.4
766500030,244382.83
8682300890,684758.8
5249803870,503473.72
1395500020,330573.97
9268200585,411721.9
7523850150,305814.34
2413300730,280843.6
8562750220,781892.3
7955080300,264706.44
9335400005,339149.3
797000276,253499.02
1422700110,239614.45
3306200230,232987.89
9510910050,670611.4
2215500220,537275.06
422069067,428787.84
3832070040,301442.6
8010100040,570712.4
8860310240,588614.75
3395800295,205611.88
6073300040,419262.22
1169000057,1629662.6
9262800294,274119.47
7853360850,440356.28
3528000470,871504.75
6071200400,556843.56
3574801780,495608.97
8649900160,741565.3
1722069052,496417.84
9508850120,622246.8
1180003090,177179.73
8079000190,445755.34
293800680,1151315.9
789000550,415384.62
4113800330,566902.7
7533800170,1070859.5
686400040,564927.4
7852030960,417398.34
7738500475,423419.03
3826000665,284563.28
1900600105,252641.03
1420400130,292343.78
3874900085,801166.0
2553300140,725722.94
3630010020,416785.38
8075400530,260077.45
824069188,655852.4
3123039082,475531.5
4447300008,509367.22
3291800660,321140.22
2824059043,482338.72
6141600179,406936.44
1121039105,379812.53
9542830440,330935.78
3500100089,453411.0
2517000260,340693.66
1959701695,1194054.9
7785000220,700508.2
2008000270,207141.11
259600260,431491.97
8856960720,297008.72
2591820080,359237.66
8819900055,564087.0
7852130640,451350.53
8682280270,480076.78
3882300100,481287.88
2372800145,203166.03
5095400630,338967.6
2826079027,639710.2
1972200382,415225.0
1865800250,208681.34
9264930770,372593.8
7871500485,978369.75
8651720420,450336.66
2770600841,569572.1
8062900030,290321.44
7582700100,1346626.9
424049284,337565.88
6793300010,733901.56
6851700381,1175652.6
7852190630,574076.56
7852010940,539503.4
2767604254,451902.25
1421039067,232419.98
3630090050,729790.0
3226049401,580027.1
1081300450,421006.75
7374600060,492983.75
7459810210,335178.6
8642600170,345251.84
8691410730,715393.5
3901100055,403265.9
2810600210,526819.3
1796360990,221262.52
1402650360,389223.2
5104510190,314107.88
1257201530,622395.2
1118000320,2632316.2
2902200015,804455.8
3586500700,809197.2
537000075,261414.53
6646200090,705339.44
809002680,862239.94
6145601715,436062.72
4154300275,310353.66
7745000090,493395.8
9238500410,445488.44
2473480780,338148.12
745000005,153196.69
430000175,515441.25
2425059174,812763.4
8850000509,482934.78
2322069010,715045.6
2623069106,781307.9
5423600100,585686.75
809001505,949044.75
3335000025,400533.12
2212200090,239946.25
1442300035,363269.5
9144100126,539625.8
1231001090,276463.94
1056200010,761762.56
626049115,465158.6
7544800395,441735.03
3668000810,223668.8
8001400340,288050.56
7202360350,828273.75
928000020,382253.0
1951500030,190534.56
8960200280,230766.16
6145601510,345579.94
9265410090,220866.16
6666830430,758962.1
1133000542,400373.47
8925100255,993160.06
7228500560,636012.94
3275300270,218483.98
9280200030,539548.1
9169100130,581362.9
3250500140,722075.75
6190700284,513164.44
9826701765,525431.0
7349400610,253848.1
1036400200,606190.2
7129300935,539142.3
3544400045,653390.2
798000062,266142.2
3630030010,508277.3
2524049148,1276387.8
2818600115,514431.12
3629950010,432987.1
7202280390,639051.06
9352900695,229466.75
4036100175,675643.56
4330600301,207858.67
9834200305,484565.66
2824069142,421052.94
1545804340,290492.84
2487200940,910657.3
7129302235,317217.28
2781250230,319875.72
7686205020,167912.86
7539900040,561023.6
3179100480,482965.2
8078460320,619304.5
2024069128,859034.75
2475200590,274155.3
3524049042,373289.84
7625701386,480379.94
5393601050,488308.4
3222049112,439870.2
9523100730,637061.25
2658000215,260791.25
5635100090,375110.9
8165501540,340088.25
200480020,809219.5
921059132,351595.6
7853302370,488703.47
3275730110,401508.72
4140500180,509717.6
993000100,821548.3
8820901670,975599.75
2781270080,221756.39
1545807990,284072.0
1126059170,672723.25
4055700920,612806.06
1446401190,168644.02
3630080120,348707.8
6600060150,460519.53
8823901445,820602.44
3329530200,228908.97
7284900385,847097.0
9324800220,654399.25
8564860270,507106.1
66000070,282836.34
439000090,565353.1
100600860,208901.78
722069232,756653.06
3622910190,1105229.6
4123800180,283441.75
4045100190,1716691.2
7856610130,782366.6
8069000216,360281.7
1823099076,402689.44
6909700340,655434.06
6205500580,638077.94
5592900205,421825.8
2331300415,846924.94
7843500090,310493.7
8682282180,506177.94
7207900050,509903.78
7732501000,780581.75
7942601805,782660.7
1545808370,273319.12
6072500050,695509.0
1498303895,749443.5
3735901080,605632.5
2781250530,221120.53
4140900140,433949.88
3222049024,367976.34
2324800110,751402.25
5126310470,503230.3
6132600380,611329.25
7400062,255843.95
3501600135,490640.5
8624700015,565629.3
7695500240,389989.7
792500190,398023.78
6899990230,661292.06
2457200040,367507.47
2780700050,433862.16
7852030320,467930.06
2877100655,749088.3
4307301160,383502.88
4364700885,318200.47
2023049218,129015.375
3856904740,427185.44
8807900236,380100.97
7562100065,284441.5
192300020,478304.1
1126059144,687407.44
3560800040,423814.94
3735901040,460978.7
6087100070,679427.4
305010050,666805.4
7518505375,446128.7
3356404330,217905.69
2141340040,714580.6
1782500035,342407.97
809001565,589018.56
7300410300,359687.44
1117300050,524157.25
4443800130,485936.34
4083801395,669045.7
7460000040,275488.03
2721600125,1180435.2
2473370750,462983.34
1140000190,201972.36
7518500985,577589.5
4023500352,429792.97
522079068,442391.47
3876000910,554228.44
2581900284,831051.8
5459500125,1166849.8
1545800205,290776.66
3374500250,358142.38
3585900665,1185907.8
9578500510,353402.2
8024202380,531637.8
3275890310,674566.44
7227501645,255551.81
8732190990,262082.78
1075100050,344607.44
3342103281,247836.28
7702010050,597539.9
259600280,491900.8
2817100900,293287.1
3797710020,294139.16
8127700210,612602.7
1819800286,424679.97
2787310130,272210.25
1025059181,432335.56
59000250,695556.1
8645500160,252173.1
993001342,391855.62
1766600075,319579.03
5089700720,355678.4
8658301060,288068.16
8598900125,386815.7
2460900020,448036.72
5100402767,414132.72
7852150140,354985.38
5561301280,482043.94
3622900200,1193338.9
2600000210,944045.7
7370600050,454696.2
7844200120,360352.12
98020630,966997.25
7853310450,592622.94
257000057,215290.42
9834200030,471058.0
7348200115,213924.88
8141310180,359118.47
1201500010,700146.9
8956000120,651442.1
1250204835,1231971.2
8663240180,504648.1
6629300120,377245.47
8945200750,189946.92
6388910160,481291.1
4376700330,596899.6
8910500675,335897.94
5100403882,1011067.4
6893300350,408748.97
7853350090,664240.0
302000375,232081.12
2422049104,162796.72
7568700480,291402.94
2853600155,219999.19
8818900155,701353.06
8648900110,517255.84
4216500110,665989.4
2188200785,151707.03
7853301700,659671.4
9558050450,463647.88
4024100496,377725.72
7525100590,424586.84
3407700012,1182041.8
2354300550,355336.94
6865200831,423189.75
9315600050,2171188.0
9558010090,457172.03
2260300060,2325216.8
7016200030,411237.7
2158900095,718555.2
4008400515,197161.61
4046700140,369798.3
3306200240,208838.42
3876100310,396307.22
2817210420,664128.5
5252000200,352558.6
9542830050,340401.7
5706201360,361246.06
1336800065,1651995.2
6381500035,401634.0
1732800175,869942.8
1923069078,821765.4
3432501415,304697.03
4139900180,1404277.0
4077800258,372462.34
2734100734,437502.72
8073000491,524500.3
4137070090,310722.38
629400340,815543.75
3395300260,500466.9
643300010,504434.94
569000050,571207.3
4217400540,766757.44
2310000380,259887.77
4137050130,294955.5
7212660520,257303.25
3876200100,415689.0
923059252,518829.4
7548300425,420638.72
1928300640,585877.94
3447000060,568695.56
7338402690,375138.5
8024202520,433596.97
259800610,529428.3
7852020250,663116.5
6840700165,340449.1
8100000090,282359.62
1377300135,508914.66
9842300095,384764.2
7151700360,1039728.6
7202330280,378476.5
8944300010,213387.17
339600290,376872.97
2202500110,530241.8
9126100487,478119.8
9286100200,407880.6
7304300470,370133.16
9359100750,1209939.1
8682262170,413438.22
1310900260,306606.34
1102000237,683929.94
6762700340,808438.2
3363900111,523552.28
2310050040,331240.8
1552800280,301836.16
8564860280,490570.34
1545801970,277647.38
1515920090,382005.9
510001280,847777.44
5347200060,288699.88
194000145,798627.25
3592500866,1319871.9
7203220130,945972.5
1085623640,388732.4
4178500440,246441.47
930000470,899584.5
2597520900,734729.4
5072200040,511923.38
1196002948,400315.5
8732800100,264975.7
629810720,830591.4
5151600195,305359.44
1771000540,330897.28
7003200120,483652.44
8026200080,373675.94
1321730470,307831.88
7129300595,310561.22
3845100620,384077.88
3756500180,378018.38
3649100676,572044.06
731500200,353770.06
7338402850,316720.9
464001025,673035.1
2154900040,259022.25
5537200043,241741.72
5550300175,280067.7
424069279,1366227.0
9406500540,238256.6
9286730020,1770430.0
2114700040,398672.66
6163900073,274982.47
1243100191,541701.1
3300701285,426373.03
3797002575,593261.4
6840701160,626965.1
1337800665,1355622.0
1136100087,927231.75
6414600232,429517.6
1931300090,631044.75
326069131,616492.5
9536602080,191553.94
2767603215,548686.44
9214400120,470845.6
6457000080,266199.56
3343301490,1211589.2
9520900230,604416.8
3123089027,579493.56
121039083,384482.5
3432501315,300976.97
9268710220,195163.69
486000085,923373.75
6054650070,417269.34
7504021490,906212.1
844000965,260015.19
1545804240,255129.55
236400260,221184.44
9178600810,591104.0
5126300510,444229.25
1923300170,581449.94
1023079147,568530.2
6926700225,850031.3
6071300550,613954.3
3649100315,415518.56
1373800295,1671167.2
5652600185,675800.1
1138000830,399652.12
1438000430,480698.88
1189000910,559816.25
2568200740,730443.2
798000457,253743.55
1245500691,391014.2
1088810040,614108.94
408100110,341099.72
9266700295,422750.06
2011400230,571991.2
7203220400,879975.9
8084400010,651207.3
579000595,619880.6
1924059248,1383950.2
3797002585,544692.9
7520000020,231892.62
9297300045,697759.9
1722059021,300683.75
5035300325,1096748.9
2720000120,284601.3
2222059065,320266.72
1568100920,1425501.8
807800020,294023.9
629600130,597207.1
2206700280,394995.66
7852010670,689774.75
1787250210,375728.16
8650300190,653193.4
2450000275,674984.7
4233400340,270657.6
1823049179,379545.66
7202430110,720703.25
1196002395,496609.12
1771000950,392882.06
1026069095,907389.06
1934800086,491577.22
6072760670,642911.4
9297800165,578747.44
1432701510,239166.98
6306100190,266014.8
2725069121,825639.7
3211200420,336101.75
3295900490,441375.03
2524049250,1312507.6
5249802460,385117.34
2325069032,1121596.4
3362401758,480968.06
3222069153,274253.1
4024101478,414810.62
4279600010,626793.5
952003350,396340.1
3346300356,591771.8
2460600040,198462.36
7010701016,499386.53
8682290670,676206.3
4083801785,546873.75
2767601100,600676.56
7950302995,382188.8
3013300685,878988.6
3298201290,367773.25
8122600245,387755.28
3971700390,367071.38
1549500585,482578.44
1233100642,572116.1
936000055,488388.97
7853301930,432334.75
9310300175,396417.62
2769602710,528210.9
8077210350,622246.2
526059183,417414.28
9492500170,906687.5
4099100260,774895.1
3034200410,375939.66
3364900375,604000.75
2473380920,269481.06
3520069033,310422.94
1865400076,316276.94
9238900616,590867.3
8039900400,353152.88
3356407665,212431.03
2771602428,500082.34
6072400470,540107.75
3395041206,318773.0
7212680080,248542.56
2011400019,310416.72
1724069059,2235874.5
1786640030,321807.62
2021201085,1172171.0
2114700540,242382.8
7697870600,252616.47
7888780090,267797.38
2125059013,1932203.5
1624049293,439029.12
